{
    "Previous Close": "128.91",
    "Open": "128.78",
    "Bid": "126.82 x 1200",
    "Ask": "126.90 x 800",
    "Day's Range": "127.00 - 130.21",
    "52 Week Range": "53.15 - 138.79",
    "Volume": "111,598,531",
    "Avg. Volume": "108,764,543",
    "Market Cap": "2.139T",
    "Beta (5Y Monthly)": "1.28",
    "PE Ratio (TTM)": "38.76",
    "EPS (TTM)": 3.28,
    "Earnings Date": "2021-01-27",
    "Forward Dividend & Yield": "0.82 (0.64%)",
    "Ex-Dividend Date": "Nov 06, 2020",
    "1y Target Est": 131.71,
    "ticker": "AAPL",
    "url": "http://finance.yahoo.com/quote/AAPL?p=AAPL"
}